{
  "version": 1,
  "author": "Anonymous maker",
  "editor": "wokwi",
  "parts": [
    { "type": "wokwi-arduino-uno", "id": "uno1", "top": 83.2, "left": -82.67, "attrs": {} },
    { "type": "wokwi-potentiometer", "id": "pot1", "top": 215.7, "left": 234.53, "attrs": {} },
    {
      "type": "wokwi-led",
      "id": "led1",
      "top": -45.8,
      "left": 56.13,
      "attrs": { "color": "red" }
    },
    {
      "type": "wokwi-buzzer",
      "id": "bz1",
      "top": -49.4,
      "left": -3.47,
      "attrs": { "volume": "0.1" }
    },
    {
      "type": "wokwi-resistor",
      "id": "r1",
      "top": 29.8,
      "left": 61.38,
      "rotate": 90,
      "attrs": { "value": "220000" }
    }
  ],
  "connections": [
    [ "pot1:SIG", "uno1:A0", "green", [ "v48", "h-154", "v-9.6" ] ],
    [ "uno1:GND.2", "pot1:GND", "black", [ "v38.9", "h185.7" ] ],
    [ "pot1:VCC", "uno1:5V", "red", [ "v28.8", "h-212" ] ],
    [ "r1:2", "uno1:9", "red", [ "h0" ] ],
    [ "bz1:2", "uno1:8", "red", [ "v48", "h47.6" ] ],
    [ "uno1:GND.3", "bz1:1", "black", [ "v10.1", "h-179", "v-268.8" ] ],
    [ "led1:A", "r1:1", "red", [ "v0" ] ],
    [ "led1:C", "uno1:GND.1", "black", [ "v57.6", "h-47.3" ] ]
  ],
  "dependencies": {}
}